1,非食
1,医疗保健
1,食品
1,食品
24,食品
1,食品
1,食品
1,非食
1,非食
1,非食
1,非食
1,食品
2,食品
1,食品
2,食品
4,医疗保健
2,食品
1,食品
6,食品
1,非食
1,非食
1,非食
2,食品
1,非食
1,食品
8,食品
1,食品
1,非食
1,食品
1,非食
1,非食
1,非食
1,非食
1,食品
3,食品
1,非食
2,食品
2,食品
24,非食
1,食品
1,食品
1,食品
1,食品
1,食品
1,非食
1,食品
8,非食
2,食品
1,非食
1,食品
1,食品
1,食品
1,非食
1,食品
2,非食
1,食品
1,非食
1,食品
1,食品
1,食品
2,食品
1,食品
2,食品
1,食品
5,食品
2,食品
1,非食
1,非食
1,食品
1,生鲜
1,食品
1,非食
1,食品
1,非食
12,食品
1,非食
1,食品
1,食品
1,食品
1,非食
1,非食
1,食品
1,非食
1,非食
5,食品
1,生鲜
1,食品
3,食品
80,食品
1,非食
1,非食
16,食品
2,食品
10,食品
2,食品
1,食品
1,生鲜
1,非食
10,食品
1,食品
1,食品
1,食品
1,非食
1,食品
1,非食
1,非食
6,食品
1,非食
1,非食
1,非食
1,非食
1,非食
10,食品
1,非食
2,食品
1,医疗保健
2,食品
80,食品
1,食品
1,非食
5,食品
1,食品
1,食品
1,食品
2,食品
1,生鲜
1,生鲜
1,食品
2,食品
1,食品
1,食品
1,非食
1,食品
1,食品
5,食品
1,非食
2,食品
1,非食
2,食品
1,非食
2,食品
10,食品
1,食品
1,食品
1,食品
1,食品
6,食品
6,食品
1,非食
2,食品
1,非食
1,食品
1,食品
1,食品
1,非食
2,食品
3,食品
1,非食
1,非食
1,食品
1,食品
1,食品
2,非食
10,食品
24,食品
1,非食
1,生鲜
1,食品
1,食品
1,食品
1,食品
2,食品
1,食品
12,食品
1,生鲜
1,非食
1,食品
1,非食
1,食品
6,食品
1,非食
1,食品
1,食品
1,非食
1,食品
1,非食
1,食品
1,生鲜
1,非食
1,非食
1,食品
1,食品
1,非食
1,非食
1,非食
1,非食
1,食品
1,食品
2,食品
